{
  "xgboost": {
    "mae": 0.05545,
    "rmse": 0.086629,
    "smape": 123.3599,
    "directional_accuracy": 0.6664,
    "ic": 0.4719,
    "r2": 0.1812,
    "n_samples": 5408,
    "train_time_s": 2.2
  },
  "lightgbm": {
    "mae": 0.055261,
    "rmse": 0.086188,
    "smape": 121.6433,
    "directional_accuracy": 0.6685,
    "ic": 0.4805,
    "r2": 0.1895,
    "n_samples": 5408,
    "train_time_s": 1.0
  },
  "catboost": {
    "mae": 0.054421,
    "rmse": 0.086301,
    "smape": 120.7523,
    "directional_accuracy": 0.6725,
    "ic": 0.487,
    "r2": 0.1874,
    "n_samples": 5408,
    "train_time_s": 6.5
  },
  "ensemble": {
    "mae": 0.054598,
    "rmse": 0.085757,
    "smape": 121.4378,
    "directional_accuracy": 0.6716,
    "ic": 0.4881,
    "r2": 0.1976,
    "n_samples": 5408
  },
  "ensemble_quant": {
    "ic": 0.4881,
    "ic_pvalue": 0.0,
    "directional_acc": 0.6716,
    "hit_rate": 0.6716,
    "sharpe": 1.581,
    "sortino": 2.137,
    "calmar": 0.8,
    "max_drawdown": -0.9674,
    "annual_return": 0.7741,
    "turnover": 0.2337,
    "ls_sharpe": 2.58,
    "ls_sortino": 3.937,
    "ls_calmar": 1.736,
    "ls_max_drawdown": -0.864,
    "ls_annual_return": 1.4996,
    "ls_turnover": 0.4271,
    "n_samples": 5408,
    "horizon": 5,
    "_metrics_version": "v2.1_fixed"
  }
}